{
    "tinyllama_real_articles.csv": {
        "logistic": {
            "orig": {
                "accuracy": 0.9016173458577583,
                "auc": 0.9031585601344025,
                "f1": 0.8973848987108656
            },
            "combined": {
                "accuracy": 0.9437813404901476,
                "auc": 0.9435826392898927,
                "f1": 0.9454794520547946
            }
        },
        "naive_bayes": {
            "orig": {
                "accuracy": 0.8539444876050568,
                "auc": 0.8540505762837145,
                "f1": 0.8563090605892162
            },
            "combined": {
                "accuracy": 0.8526025849283142,
                "auc": 0.8520656019285775,
                "f1": 0.8586522180833052
            }
        },
        "random_forest": {
            "orig": {
                "accuracy": 0.9324811074228406,
                "auc": 0.9324685477398047,
                "f1": 0.9340143567090006
            },
            "combined": {
                "accuracy": 0.9429338230100995,
                "auc": 0.9425727582695669,
                "f1": 0.9450115693480332
            }
        },
        "svm": {
            "orig": {
                "accuracy": 0.8944840737340207,
                "auc": 0.8957334905131137,
                "f1": 0.8912822005530491
            },
            "combined": {
                "accuracy": 0.8958259764107634,
                "auc": 0.8951011532062846,
                "f1": 0.9009335751225737
            }
        }
    },
    "tinyllama_fake_articles.csv": {
        "logistic": {
            "orig": {
                "accuracy": 0.9016173458577583,
                "auc": 0.9031585601344025,
                "f1": 0.8973848987108656
            },
            "combined": {
                "accuracy": 0.9422981849000636,
                "auc": 0.9422759599185172,
                "f1": 0.9436435124508519
            }
        },
        "naive_bayes": {
            "orig": {
                "accuracy": 0.8539444876050568,
                "auc": 0.8540505762837145,
                "f1": 0.8563090605892162
            },
            "combined": {
                "accuracy": 0.8530263436683382,
                "auc": 0.8529304227922607,
                "f1": 0.856571783031222
            }
        },
        "random_forest": {
            "orig": {
                "accuracy": 0.9324811074228406,
                "auc": 0.9324685477398047,
                "f1": 0.9340143567090006
            },
            "combined": {
                "accuracy": 0.947312663323681,
                "auc": 0.9472124872158999,
                "f1": 0.9487073707370737
            }
        },
        "svm": {
            "orig": {
                "accuracy": 0.8944840737340207,
                "auc": 0.8957334905131137,
                "f1": 0.8912822005530491
            },
            "combined": {
                "accuracy": 0.835581608870683,
                "auc": 0.8350155733038523,
                "f1": 0.84244721169464
            }
        }
    },
    "phi2_real_articles.csv": {
        "logistic": {
            "orig": {
                "accuracy": 0.9016173458577583,
                "auc": 0.9031585601344025,
                "f1": 0.8973848987108656
            },
            "combined": {
                "accuracy": 0.9444169786001836,
                "auc": 0.9442307084166274,
                "f1": 0.9460700335777428
            }
        },
        "naive_bayes": {
            "orig": {
                "accuracy": 0.8539444876050568,
                "auc": 0.8540505762837145,
                "f1": 0.8563090605892162
            },
            "combined": {
                "accuracy": 0.8533794759516915,
                "auc": 0.852937659828702,
                "f1": 0.8588715159755268
            }
        },
        "random_forest": {
            "orig": {
                "accuracy": 0.9324811074228406,
                "auc": 0.9324685477398047,
                "f1": 0.9340143567090006
            },
            "combined": {
                "accuracy": 0.9437813404901476,
                "auc": 0.9434930996804045,
                "f1": 0.9456729456729457
            }
        },
        "svm": {
            "orig": {
                "accuracy": 0.8944840737340207,
                "auc": 0.8957334905131137,
                "f1": 0.8912822005530491
            },
            "combined": {
                "accuracy": 0.8615015184688184,
                "auc": 0.8607563044469703,
                "f1": 0.8682920276714353
            }
        }
    },
    "phi2_fake_articles.csv": {
        "logistic": {
            "orig": {
                "accuracy": 0.9016173458577583,
                "auc": 0.9031585601344025,
                "f1": 0.8973848987108656
            },
            "combined": {
                "accuracy": 0.9430044494667702,
                "auc": 0.9429206550889523,
                "f1": 0.9444712034679694
            }
        },
        "naive_bayes": {
            "orig": {
                "accuracy": 0.8539444876050568,
                "auc": 0.8540505762837145,
                "f1": 0.8563090605892162
            },
            "combined": {
                "accuracy": 0.8498481531181581,
                "auc": 0.8497830605992098,
                "f1": 0.8532781228433403
            }
        },
        "random_forest": {
            "orig": {
                "accuracy": 0.9324811074228406,
                "auc": 0.9324685477398047,
                "f1": 0.9340143567090006
            },
            "combined": {
                "accuracy": 0.945829507733597,
                "auc": 0.9457129533010109,
                "f1": 0.947296090153233
            }
        },
        "svm": {
            "orig": {
                "accuracy": 0.8944840737340207,
                "auc": 0.8957334905131137,
                "f1": 0.8912822005530491
            },
            "combined": {
                "accuracy": 0.8339572003672576,
                "auc": 0.8322589012753235,
                "f1": 0.8476640964167692
            }
        }
    },
    "flant5_real_articles.csv": {
        "logistic": {
            "orig": {
                "accuracy": 0.9016173458577583,
                "auc": 0.9031585601344025,
                "f1": 0.8973848987108656
            },
            "combined": {
                "accuracy": 0.9398262589165901,
                "auc": 0.9398249503629139,
                "f1": 0.9411764705882353
            }
        },
        "naive_bayes": {
            "orig": {
                "accuracy": 0.8539444876050568,
                "auc": 0.8540505762837145,
                "f1": 0.8563090605892162
            },
            "combined": {
                "accuracy": 0.8501306589448407,
                "auc": 0.8500932849006232,
                "f1": 0.8533922896227719
            }
        },
        "random_forest": {
            "orig": {
                "accuracy": 0.9324811074228406,
                "auc": 0.9324685477398047,
                "f1": 0.9340143567090006
            },
            "combined": {
                "accuracy": 0.947312663323681,
                "auc": 0.9472021557224973,
                "f1": 0.9487285223367697
            }
        },
        "svm": {
            "orig": {
                "accuracy": 0.8944840737340207,
                "auc": 0.8957334905131137,
                "f1": 0.8912822005530491
            },
            "combined": {
                "accuracy": 0.8074722791157568,
                "auc": 0.8075369851492419,
                "f1": 0.8106944444444445
            }
        }
    },
    "flant5_fake_articles.csv": {
        "logistic": {
            "orig": {
                "accuracy": 0.9016173458577583,
                "auc": 0.9031585601344025,
                "f1": 0.8973848987108656
            },
            "combined": {
                "accuracy": 0.946677025213645,